file_name,index,label
file_0.cif, 0, 98.58577122703691
file_1.cif, 1, 701.5857233477558
file_2.cif, 2, 1138.5856886491724